config,optimizer,learning_rate,weight_decay,best_val_acc,best_epoch,final_val_acc,final_val_loss,final_train_loss,final_train_acc,converged,loss_improvement
Adam_5e-6,adam,5e-06,0.0001,41.30964820619993,9,41.2748171368861,1.6296982487042746,1.7167423299428148,32.442199677798584,True,0.13856690724690734
Adam_1e-5,adam,1e-05,0.0001,44.252873563218394,9,43.53883664228492,1.5546423342492846,1.6486892437868463,36.21282709975182,True,0.20057274632983746
Adam_2e-5,adam,2e-05,0.0001,48.65900383141762,10,48.65900383141762,1.4882493548923068,1.5875821890605193,39.173596899899856,True,0.2565841502613493
Adam_5e-5,adam,5e-05,0.0001,50.97526994078718,10,50.97526994078718,1.372908239894443,1.5381999288096733,41.6554186441416,True,0.3791709303855897
AdamW_5e-6,adamw,5e-06,5e-05,41.10066179031696,10,41.10066179031696,1.6598957035276625,1.7197716000352397,32.337701920146294,True,0.09648261202706232
AdamW_1e-5,adamw,1e-05,5e-05,44.810170672239636,10,44.810170672239636,1.5857323514090644,1.6551810715523936,35.198328035877566,True,0.15437512397766118
AdamW_2e-5,adamw,2e-05,5e-05,49.07697666318356,9,48.78091257401602,1.4788593186272516,1.598072121070288,39.46531980667915,True,0.2774057984352112
AdamW_5e-5,adamw,5e-05,5e-05,50.78369905956113,10,50.78369905956113,1.3809103316730924,1.5286572743259101,42.41738146035616,True,0.446288047896491
