{
  "report": {
    "Angry": {
      "precision": 0.5573979591836735,
      "recall": 0.4561586638830898,
      "f1-score": 0.5017221584385764,
      "support": 958.0
    },
    "Disgust": {
      "precision": 0.2986111111111111,
      "recall": 0.7747747747747747,
      "f1-score": 0.43107769423558895,
      "support": 111.0
    },
    "Fear": {
      "precision": 0.48722986247544203,
      "recall": 0.2421875,
      "f1-score": 0.32354859752120024,
      "support": 1024.0
    },
    "Happy": {
      "precision": 0.8489702517162472,
      "recall": 0.8365276211950394,
      "f1-score": 0.8427030096536059,
      "support": 1774.0
    },
    "Neutral": {
      "precision": 0.500875656742557,
      "recall": 0.6958637469586375,
      "f1-score": 0.5824847250509165,
      "support": 1233.0
    },
    "Sad": {
      "precision": 0.514410480349345,
      "recall": 0.4723336006415397,
      "f1-score": 0.49247491638795987,
      "support": 1247.0
    },
    "Surprise": {
      "precision": 0.6710393541876892,
      "recall": 0.8002406738868832,
      "f1-score": 0.7299670691547749,
      "support": 831.0
    },
    "accuracy": 0.6083867372527166,
    "macro avg": {
      "precision": 0.554076382252295,
      "recall": 0.6111552259057091,
      "f1-score": 0.557711167206089,
      "support": 7178.0
    },
    "weighted avg": {
      "precision": 0.6114255978043944,
      "recall": 0.6083867372527166,
      "f1-score": 0.5981737079998184,
      "support": 7178.0
    }
  },
  "mcc": 0.5317681682652058,
  "kappa": 0.5280703354280507,
  "balanced_accuracy": 0.6111552259057091,
  "underperforming_classes": []
}