{
  "report": {
    "Angry": {
      "precision": 0.4552352048558422,
      "recall": 0.31315240083507306,
      "f1-score": 0.37105751391465674,
      "support": 958.0
    },
    "Disgust": {
      "precision": 0.1882716049382716,
      "recall": 0.5495495495495496,
      "f1-score": 0.28045977011494255,
      "support": 111.0
    },
    "Fear": {
      "precision": 0.36018957345971564,
      "recall": 0.22265625,
      "f1-score": 0.2751961375980688,
      "support": 1024.0
    },
    "Happy": {
      "precision": 0.7409484956654768,
      "recall": 0.8190529875986471,
      "f1-score": 0.778045515394913,
      "support": 1774.0
    },
    "Neutral": {
      "precision": 0.49517684887459806,
      "recall": 0.49959448499594483,
      "f1-score": 0.497375857892612,
      "support": 1233.0
    },
    "Sad": {
      "precision": 0.418966737438075,
      "recall": 0.4747393744987971,
      "f1-score": 0.44511278195488724,
      "support": 1247.0
    },
    "Surprise": {
      "precision": 0.6451271186440678,
      "recall": 0.7328519855595668,
      "f1-score": 0.6861971830985916,
      "support": 831.0
    },
    "accuracy": 0.537614934522151,
    "macro avg": {
      "precision": 0.47198794055372106,
      "recall": 0.5159424332910827,
      "f1-score": 0.47620639428123884,
      "support": 7178.0
    },
    "weighted avg": {
      "precision": 0.5307042965692713,
      "recall": 0.537614934522151,
      "f1-score": 0.5276132144132436,
      "support": 7178.0
    }
  },
  "mcc": 0.44328981322763905,
  "kappa": 0.44139966491645244,
  "balanced_accuracy": 0.5159424332910827,
  "underperforming_classes": [
    [
      "Disgust",
      0.28045977011494255
    ],
    [
      "Fear",
      0.2751961375980688
    ]
  ]
}