config,optimizer,learning_rate,weight_decay,best_val_acc,best_epoch,final_val_acc,final_val_loss,final_train_loss,final_train_acc,converged,loss_improvement
Adam_5e-6,adam,5e-06,0.0001,56.3566701497736,8,55.92128178335075,1.2418130397796632,1.3957898055610551,48.560978795663345,True,0.12669002877341362
Adam_1e-5,adam,1e-05,0.0001,58.08080808080808,9,56.33925461511669,1.1972212109300826,1.3230104921255936,51.22131754256107,True,0.1496324731243981
Adam_2e-5,adam,2e-05,0.0001,60.25774991292233,10,60.25774991292233,1.118413080771764,1.2515215242805586,54.26916880741934,True,0.19629132946332306
AdamW_5e-6,adamw,5e-06,5e-05,56.21734587251829,8,56.199930337861375,1.234674075576994,1.39218945722394,48.878826141855704,True,0.13376158807012772
AdamW_1e-5,adamw,1e-05,5e-05,58.063392546151164,9,57.81957506095437,1.1933461626370747,1.324060752033191,51.260504201680675,True,0.16157135830985192
AdamW_2e-5,adamw,2e-05,5e-05,60.4667363288053,10,60.4667363288053,1.123282661702898,1.2692380814831237,53.38529194061044,True,0.1877212299240958
