config,optimizer,learning_rate,weight_decay,final_val_loss,final_val_acc,final_train_loss,final_train_acc,converged,loss_improvement
Adam_5e-6,adam,5e-06,0.0001,1.3272170344988505,50.67920585161964,1.4680537330739014,44.32446553751034,True,0.18722432454427085
Adam_1e-5,adam,1e-05,0.0001,1.2352185448010762,56.16509926854754,1.3896863138443247,47.132842774415465,True,0.21676774024963397
Adam_2e-5,adam,2e-05,0.0001,1.156687033176422,56.28700801114594,1.3186746531874356,50.41581399399138,True,0.26498388714260535
AdamW_5e-6,adamw,5e-06,5e-05,1.337022219101588,51.863462208289796,1.4640784419678712,44.1241781686768,True,0.191690397924847
AdamW_1e-5,adamw,1e-05,5e-05,1.289123949739668,53.8662486938349,1.3986851265835563,47.05446945617625,True,0.198467434777154
AdamW_2e-5,adamw,2e-05,5e-05,1.1921689603063794,56.28700801114594,1.3437995884079788,49.33164975834894,True,0.23059744437535623
